{
  "task": "goal_against_forward",
  "seq_len": 20,
  "target_window": 7,
  "event_vocab": [
    "SHOT",
    "GOAL",
    "MISS",
    "BLOCK",
    "HIT",
    "TAKEAWAY",
    "GIVEAWAY",
    "PENALTY",
    "FACEOFF",
    "OTHER"
  ],
  "numeric_dim": 12,
  "numeric_mean": [
    -0.21708740293979645,
    -0.3165319561958313,
    0.037686754018068314,
    0.0,
    0.4744471609592438,
    38.64109420776367,
    13.966629981994629,
    -0.06084846705198288,
    0.4744471609592438,
    0.3407893776893616,
    0.23303057253360748,
    1780.7750244140625
  ],
  "numeric_std": [
    65.14947509765625,
    23.08425521850586,
    0.07385534048080444,
    9.999999974752427e-07,
    0.49947741627693176,
    22.599740982055664,
    13.807456970214844,
    1.6809790134429932,
    0.49947741627693176,
    0.47452887892723083,
    0.4231297969818115,
    1049.3450927734375
  ],
  "emb_dim": 16,
  "hidden_dim": 64,
  "num_layers": 2,
  "dropout": 0.3,
  "threshold": 0.5000000000000001,
  "threshold_objective": "prec_at_recall",
  "min_recall": 0.5,
  "best_epoch": 10,
  "best_val_base_rate": 0.07461508093170154,
  "best_val_precision": 0.08436473081293312,
  "best_val_recall": 0.5190854119424567,
  "best_val_f1": 0.14514041135168665
}